time,flux
0.000000,0.997910845
0.012733,0.999750654
0.025466,1.000779540
0.038199,1.000375070
0.050932,0.999540817
0.063665,1.001182230
0.076398,1.002303504
0.089131,0.997348863
0.101864,1.001591949
0.114598,1.000502959
0.127331,0.998528948
0.140064,0.997098113
0.152797,1.000715455
0.165530,1.001540096
0.178263,0.997852714
0.190996,0.999740973
0.203729,0.999292381
0.216462,1.001473333
0.229195,1.001203485
0.241928,0.999496359
0.254661,1.002544144
0.267394,1.003134233
0.280127,1.003087662
0.292860,0.998559810
0.305593,0.999926822
0.318327,1.001812816
0.331060,1.000213440
0.343793,1.002221231
0.356526,0.999709074
0.369259,0.999962952
0.381992,1.000095848
0.394725,1.002211174
0.407458,1.000516146
0.420191,1.001604161
0.432924,1.001944498
0.445657,1.000872501
0.458390,0.999820786
0.471123,1.002379226
0.483856,1.000225500
0.496589,0.999336814
0.509322,0.999689711
0.522055,1.003236982
0.534789,0.999761493
0.547522,1.000671224
0.560255,1.001745778
0.572988,0.999263961
0.585721,1.001630447
0.598454,1.000081632
0.611187,0.999455129
0.623920,1.001203004
0.636653,1.002247111
0.649386,0.999164361
0.662119,0.999221561
0.674852,1.000419023
0.687585,1.001421394
0.700318,1.000578269
0.713051,1.002084385
0.725784,0.998986566
0.738518,1.000018387
0.751251,0.999555631
0.763984,1.002825685
0.776717,0.998011164
0.789450,0.999654527
0.802183,0.999974460
0.814916,1.002832629
0.827649,1.000532574
0.840382,1.000161516
0.853115,1.000872159
0.865848,1.002100028
0.878581,0.998209190
0.891314,0.998861278
0.904047,1.000387250
0.916780,1.000387251
0.929513,1.000472318
0.942246,0.999332142
0.954980,1.002440012
0.967713,1.002447067
0.980446,1.000347173
0.993179,1.001738606
1.005912,1.001320237
1.018645,0.999693276
1.031378,1.000871551
1.044111,1.001675562
1.056844,1.000918596
1.069577,1.001457143
1.082310,0.999150471
1.095043,1.004302379
1.107776,0.999673719
1.120509,0.999473258
1.133242,0.999934433
1.145975,1.001990228
1.158709,1.001022387
1.171442,1.000285099
1.184175,1.001640542
1.196908,1.001464473
1.209641,1.000910314
1.222374,1.000150016
1.235107,1.001570615
1.247840,1.001723244
1.260573,1.001642720
1.273306,1.002386929
1.286039,0.997821187
1.298772,0.998540750
1.311505,1.001188018
1.324238,1.000925119
1.336971,1.001669447
1.349704,1.003839087
1.362437,1.000536529
1.375171,1.003342202
1.387904,1.001329421
1.400637,1.003168267
1.413370,1.000313271
1.426103,1.001502922
1.438836,1.000977409
1.451569,0.999275117
1.464302,1.000074559
1.477035,1.001201125
1.489768,1.000537123
1.502501,1.000216584
1.515234,1.003330657
1.527967,1.003150678
1.540700,1.001728294
1.553433,1.002238747
1.566166,1.000417103
1.578899,0.999476738
1.591633,1.003188799
1.604366,1.000505793
1.617099,1.000092565
1.629832,1.000915207
1.642565,1.003477770
1.655298,1.001511206
1.668031,0.998997237
1.680764,1.001054541
1.693497,1.001109185
1.706230,1.002937195
1.718963,0.999349567
1.731696,1.001366178
1.744429,1.001633829
1.757162,1.000423501
1.769895,1.000403168
1.782628,1.000355582
1.795362,0.999385538
1.808095,1.000697441
1.820828,0.999818287
1.833561,1.001124273
1.846294,1.002269018
1.859027,0.996474233
1.871760,0.997913732
1.884493,0.998092069
1.897226,0.999595562
1.909959,0.996271982
1.922692,0.998031854
1.935425,0.997997807
1.948158,0.999303401
1.960891,0.996069690
1.973624,0.999078785
1.986357,0.996227793
1.999090,0.994470040
2.011824,0.993493321
2.024557,0.995140579
2.037290,0.991920737
2.050023,0.995860596
2.062756,0.990756848
2.075489,0.992714474
2.088222,0.992883031
2.100955,0.991450228
2.113688,0.992280397
2.126421,0.990478260
2.139154,0.990797314
2.151887,0.988171930
2.164620,0.989291995
2.177353,0.990063040
2.190086,0.989584609
2.202819,0.988490756
2.215553,0.989850959
2.228286,0.989300257
2.241019,0.989160738
2.253752,0.990809506
2.266485,0.989773199
2.279218,0.990650339
2.291951,0.993558792
2.304684,0.994840910
2.317417,0.991175881
2.330150,0.993945312
2.342883,0.996535486
2.355616,0.994666374
2.368349,0.992599915
2.381082,0.996767511
2.393815,0.994242370
2.406548,0.994801691
2.419281,0.996082547
2.432015,0.995078283
2.444748,0.996300786
2.457481,0.996904785
2.470214,0.997979354
2.482947,0.998156597
2.495680,0.996820929
2.508413,0.998003805
2.521146,0.999229175
2.533879,0.999453964
2.546612,0.997048227
2.559345,1.002902306
2.572078,0.999077171
2.584811,0.999221857
2.597544,0.997285895
2.610277,1.001294858
2.623010,1.001379854
2.635744,1.002833200
2.648477,1.000148896
2.661210,0.999669950
2.673943,1.004044904
2.686676,1.001756684
2.699409,1.002091053
2.712142,0.999918296
2.724875,1.002645435
2.737608,1.001187562
2.750341,1.000119531
2.763074,1.002447855
2.775807,1.003044913
2.788540,1.000757728
2.801273,1.001659426
2.814006,1.001849396
2.826739,1.002481488
2.839472,1.000964541
2.852206,1.003485179
2.864939,1.002843280
2.877672,1.002497976
2.890405,1.004012344
2.903138,1.002092698
2.915871,1.003064419
2.928604,1.002263440
2.941337,1.001440384
2.954070,1.004063310
2.966803,1.002346215
2.979536,1.001121746
2.992269,0.999531095
3.005002,1.001656324
3.017735,1.001422689
3.030468,1.003634136
3.043201,1.002577304
3.055935,1.001090650
3.068668,1.001939749
3.081401,0.999923889
3.094134,1.004025174
3.106867,1.000702808
3.119600,1.001622423
3.132333,1.001268207
3.145066,1.001451059
3.157799,1.002659069
3.170532,1.002312571
3.183265,0.999473782
3.195998,1.002606001
3.208731,1.003066689
3.221464,0.999068805
3.234197,0.999782787
3.246930,1.003358374
3.259663,1.002602243
3.272397,1.000343289
3.285130,1.003245360
3.297863,1.003938805
3.310596,1.001391505
3.323329,1.002500871
3.336062,1.000331689
3.348795,1.003414729
3.361528,1.001470518
3.374261,1.002039558
3.386994,1.000897146
3.399727,1.000938193
3.412460,1.000218136
3.425193,0.998621470
3.437926,1.001804096
3.450659,0.997940273
3.463392,1.002576078
3.476126,1.001803246
3.488859,1.003524990
3.501592,1.002226294
3.514325,1.002785659
3.527058,1.001216904
3.539791,1.001277345
3.552524,1.000381354
3.565257,1.002251437
3.577990,1.000260896
3.590723,1.002465195
3.603456,1.001395814
3.616189,1.001810413
3.628922,0.999969200
3.641655,1.002672745
3.654388,0.999673247
3.667121,0.999983676
3.679854,1.001800547
3.692588,1.001927918
3.705321,1.002435028
3.718054,1.001530136
3.730787,1.003250786
3.743520,1.002832768
3.756253,1.002510736
3.768986,1.001566687
3.781719,1.000224505
3.794452,1.004061709
3.807185,1.002129570
3.819918,1.002796884
3.832651,1.001813944
3.845384,1.000501858
3.858117,1.002177405
3.870850,1.000956613
3.883583,0.999373752
3.896317,0.999875734
3.909050,1.000813764
3.921783,0.999478699
3.934516,1.000007530
3.947249,0.997657820
3.959982,1.000997333
3.972715,1.003516265
3.985448,1.001001557
3.998181,0.999636213
4.010914,0.999835220
4.023647,1.001039796
4.036380,1.000032691
4.049113,1.004396111
4.061846,1.000134661
4.074579,1.002336308
4.087312,1.003029575
4.100045,0.998322475
4.112779,1.000503300
4.125512,1.000333350
4.138245,1.000714607
4.150978,1.003261857
4.163711,1.001290800
4.176444,1.002340233
4.189177,1.001646170
4.201910,1.001067841
4.214643,1.004041630
4.227376,1.001789498
4.240109,0.998752346
4.252842,1.002389869
4.265575,1.002926828
4.278308,1.002397695
4.291041,1.000656693
4.303774,1.002082862
4.316508,1.001123529
4.329241,0.999011811
4.341974,1.002402787
4.354707,1.001531917
4.367440,1.002402743
4.380173,0.999469481
4.392906,0.999832488
4.405639,1.002560638
4.418372,1.002882319
4.431105,1.002313709
4.443838,1.000625523
4.456571,1.000333586
4.469304,1.000967962
4.482037,1.000342849
4.494770,0.999819015
4.507503,1.001578271
4.520236,1.001771909
4.532970,0.999897390
4.545703,0.999271795
4.558436,1.000845326
4.571169,0.999273873
4.583902,1.000932387
4.596635,1.003128527
4.609368,0.999913847
4.622101,1.000952858
4.634834,1.002315283
4.647567,0.998925705
4.660300,1.000295041
4.673033,1.003557967
4.685766,1.000699564
4.698499,1.001535889
4.711232,0.998001932
4.723965,1.001586581
4.736698,1.001574386
4.749432,0.999379390
4.762165,1.003611087
4.774898,1.004111609
4.787631,1.001086587
4.800364,1.001745659
4.813097,1.001760157
4.825830,1.000210975
4.838563,0.999493367
4.851296,1.001055592
4.864029,1.002689985
4.876762,1.000124834
4.889495,1.002479912
4.902228,1.002162729
4.914961,1.002615830
4.927694,1.000162079
4.940427,0.997569296
4.953161,1.001335687
4.965894,1.002010269
4.978627,1.002479427
4.991360,1.001821522
5.004093,1.002154660
5.016826,0.999514658
5.029559,1.001157165
5.042292,1.000073491
5.055025,0.999989239
5.067758,1.000370088
5.080491,1.001203676
5.093224,1.002090005
5.105957,1.001994458
5.118690,0.999369501
5.131423,0.997890635
5.144156,1.000711903
5.156889,1.001790051
5.169623,0.997420126
5.182356,1.002586865
5.195089,0.999407023
5.207822,0.998971930
5.220555,0.999884153
5.233288,0.998974850
5.246021,0.998929255
5.258754,1.000469125
5.271487,1.000698317
5.284220,1.000811564
5.296953,1.000686727
5.309686,0.999190341
5.322419,1.001991148
5.335152,1.001676931
5.347885,1.001783555
5.360618,1.000435144
5.373352,0.998929584
5.386085,0.999738998
5.398818,0.997876594
5.411551,0.999200955
5.424284,1.000435710
5.437017,1.000275557
5.449750,1.001395811
5.462483,0.999914305
5.475216,1.000900213
5.487949,1.000397174
5.500682,1.000418565
5.513415,0.998909776
5.526148,1.001352341
5.538881,0.999318539
5.551614,0.999494590
5.564347,1.001476965
5.577080,1.001044467
5.589814,0.996993825
5.602547,0.998539115
5.615280,1.000699288
5.628013,1.000723740
5.640746,1.003330690
5.653479,0.999053330
5.666212,1.000569986
5.678945,1.001239990
5.691678,0.999976605
5.704411,1.000958702
5.717144,0.997966597
5.729877,1.000172166
5.742610,0.999279437
5.755343,1.000732770
5.768076,0.999150119
5.780809,1.000935154
5.793543,1.000024886
5.806276,1.001875212
5.819009,0.999524940
5.831742,0.998293589
5.844475,0.998695519
5.857208,0.998351705
5.869941,0.996234010
5.882674,1.000761124
5.895407,1.001808170
5.908140,1.000050314
5.920873,1.000588500
5.933606,0.999869349
5.946339,0.996141880
5.959072,1.000312171
5.971805,0.997866468
5.984538,0.999108180
5.997271,0.999103161
6.010005,1.000190655
6.022738,0.998875044
6.035471,1.003067383
6.048204,0.998485623
6.060937,0.998777579
6.073670,0.998587385
6.086403,0.998704028
6.099136,0.995500857
6.111869,0.997179089
6.124602,0.998183506
6.137335,0.998045820
6.150068,0.998186794
6.162801,0.997497585
6.175534,0.996026874
6.188267,0.995622817
6.201000,0.995625608
6.213734,0.993785745
6.226467,0.995838639
6.239200,0.994000429
6.251933,0.993864711
6.264666,0.995004663
6.277399,0.992568120
6.290132,0.994832357
6.302865,0.988539441
6.315598,0.989656723
6.328331,0.989122159
6.341064,0.990225012
6.353797,0.990021715
6.366530,0.990473317
6.379263,0.987598844
6.391996,0.989392303
6.404729,0.988342424
6.417462,0.985919785
6.430196,0.988036994
6.442929,0.989895855
6.455662,0.987991564
6.468395,0.985910249
6.481128,0.986662062
6.493861,0.989467273
6.506594,0.985395764
6.519327,0.985311085
6.532060,0.988840086
6.544793,0.988408621
6.557526,0.987639556
6.570259,0.989574857
6.582992,0.989674150
6.595725,0.990253869
6.608458,0.988408526
6.621191,0.989777374
6.633925,0.991150508
6.646658,0.989129446
6.659391,0.992767937
6.672124,0.993953673
6.684857,0.992733479
6.697590,0.993000389
6.710323,0.994549660
6.723056,0.992531773
6.735789,0.995261648
6.748522,0.996001632
6.761255,0.994025458
6.773988,0.996210640
6.786721,0.996218283
6.799454,0.998185585
6.812187,0.999921823
6.824920,0.999027125
6.837653,0.997994226
6.850387,0.998527254
6.863120,0.997902367
6.875853,0.997050505
6.888586,0.999032044
6.901319,0.999283047
6.914052,0.996660384
6.926785,0.995879158
6.939518,0.996757349
6.952251,1.000322197
6.964984,0.999199366
6.977717,0.997327396
6.990450,0.999314541
7.003183,1.001811738
7.015916,0.998603378
7.028649,0.999740315
7.041382,0.998066233
7.054116,0.998746583
7.066849,0.999490370
7.079582,0.996759778
7.092315,0.999242693
7.105048,0.999490802
7.117781,1.001424833
7.130514,0.998691947
7.143247,0.996711302
7.155980,0.997443865
7.168713,1.000398890
7.181446,0.997724695
7.194179,0.997971602
7.206912,1.000397870
7.219645,0.995696347
7.232378,1.000264035
7.245111,0.999184447
7.257844,0.998479443
7.270578,0.999162632
7.283311,0.999072585
7.296044,0.998381791
7.308777,1.000148096
7.321510,0.995530131
7.334243,0.996680864
7.346976,1.001358498
7.359709,0.997137554
7.372442,0.998624970
7.385175,0.999001076
7.397908,0.999072491
7.410641,0.999922665
7.423374,0.997123105
7.436107,0.999841146
7.448840,1.000040996
7.461573,0.998345935
7.474307,0.997617224
7.487040,0.999048923
7.499773,0.998793713
7.512506,0.998038628
7.525239,0.998284195
7.537972,1.000800911
7.550705,0.998566381
7.563438,0.998666107
7.576171,0.997964021
7.588904,0.999453257
7.601637,0.997220675
7.614370,0.998973619
7.627103,0.997414289
7.639836,0.995346320
7.652569,0.997934300
7.665302,0.999297469
7.678035,0.997149083
7.690769,0.998049146
7.703502,0.999313223
7.716235,0.998426643
7.728968,0.998992864
7.741701,1.000514039
7.754434,0.997092656
7.767167,0.997991548
7.779900,0.997889073
7.792633,0.999462391
7.805366,0.997429822
7.818099,0.998019241
7.830832,0.999891093
7.843565,0.997575027
7.856298,0.999746886
7.869031,0.999162620
7.881764,0.997924618
7.894497,0.995412545
7.907231,0.998338197
7.919964,1.000340657
7.932697,0.998978297
7.945430,0.999303118
7.958163,0.997090938
7.970896,1.001202116
7.983629,0.998332288
7.996362,0.999190085
8.009095,0.998221096
8.021828,0.998375765
8.034561,1.000018876
8.047294,0.996441346
8.060027,0.997397947
8.072760,0.997416064
8.085493,0.997976255
8.098226,1.001007198
8.110960,0.995844458
8.123693,0.998442306
8.136426,0.999640371
8.149159,0.999329437
8.161892,0.998974530
8.174625,0.997509102
8.187358,0.995577457
8.200091,1.000073614
8.212824,0.997613561
8.225557,0.998487984
8.238290,0.998632475
8.251023,1.000254817
8.263756,0.999427625
8.276489,0.997971747
8.289222,0.996809056
8.301955,0.999185479
8.314688,0.998908244
8.327422,0.998765881
8.340155,0.998925657
8.352888,0.996865409
8.365621,0.999889505
8.378354,0.997530506
8.391087,0.998453197
8.403820,0.999595298
8.416553,0.999495384
8.429286,0.997419030
8.442019,0.999281843
8.454752,0.999055403
8.467485,0.998943879
8.480218,0.998076280
8.492951,1.000222256
8.505684,0.998640032
8.518417,0.996972524
8.531151,0.997201974
8.543884,0.998553332
8.556617,0.998843303
8.569350,0.999423499
8.582083,0.997047508
8.594816,0.997244767
8.607549,1.002690928
8.620282,0.999990985
8.633015,1.000558721
8.645748,1.000020422
8.658481,0.997434297
8.671214,1.000475570
8.683947,0.999530871
8.696680,0.999327260
8.709413,0.996014809
8.722146,0.999716721
8.734879,0.998533374
8.747613,0.996401445
8.760346,0.999197875
8.773079,0.999786518
8.785812,0.997040982
8.798545,0.998406673
8.811278,0.999554049
8.824011,0.996834477
8.836744,0.996971741
8.849477,0.999031180
8.862210,1.000761012
8.874943,0.998711991
8.887676,0.999153070
8.900409,0.998596121
8.913142,0.997667762
8.925875,0.997583636
8.938608,0.998350627
8.951342,0.997836429
8.964075,0.997190188
8.976808,0.996467449
8.989541,0.998636705
9.002274,0.997014452
9.015007,0.995322624
9.027740,0.996201592
9.040473,0.999259951
9.053206,0.998950654
9.065939,0.999249105
9.078672,0.996601606
9.091405,0.997326938
9.104138,0.999562650
9.116871,0.998973188
9.129604,0.997954995
9.142337,0.997925166
9.155070,0.999084502
9.167804,0.999698794
9.180537,0.995306790
9.193270,1.000262344
9.206003,0.996287513
9.218736,0.999064981
9.231469,0.997538971
9.244202,0.999481529
9.256935,0.998034526
9.269668,0.998221202
9.282401,0.999213228
9.295134,0.995798376
9.307867,0.998543584
9.320600,0.999315568
9.333333,0.996248939
9.346066,0.998420005
9.358799,0.996511883
9.371533,0.999288421
9.384266,0.999189184
9.396999,0.998217568
9.409732,0.998804787
9.422465,0.999897278
9.435198,0.998722324
9.447931,0.998294744
9.460664,0.998732513
9.473397,0.999481025
9.486130,0.998209972
9.498863,0.999493528
9.511596,0.999914245
9.524329,0.997516991
9.537062,0.998531281
9.549795,0.998504259
9.562528,0.995638224
9.575261,0.996765079
9.587995,1.000511834
9.600728,0.996911104
9.613461,1.000696344
9.626194,0.997180235
9.638927,1.000357422
9.651660,0.999172935
9.664393,0.998338193
9.677126,0.997756924
9.689859,0.996064720
9.702592,0.999636640
9.715325,0.998051516
9.728058,0.999472481
9.740791,1.000600157
9.753524,0.997817113
9.766257,0.997219984
9.778990,0.997935383
9.791724,0.998284259
9.804457,0.997310602
9.817190,0.998353649
9.829923,0.999700979
9.842656,0.997263794
9.855389,1.000372604
9.868122,1.000592337
9.880855,0.997362530
9.893588,0.997950676
9.906321,1.000070154
9.919054,0.997185599
9.931787,0.998011447
9.944520,0.997372089
9.957253,0.997532220
9.969986,0.997865937
9.982719,0.998704685
9.995452,0.998382376
10.008186,0.998175082
10.020919,0.997319952
10.033652,1.000317087
10.046385,0.996280750
10.059118,1.000193883
10.071851,0.998524759
10.084584,1.000028471
10.097317,1.001020721
10.110050,0.999683427
10.122783,0.997047333
10.135516,0.997564137
10.148249,0.998879290
10.160982,0.998994249
10.173715,0.997414940
10.186448,0.995636985
10.199181,1.001294914
10.211915,0.998620474
10.224648,1.000726947
10.237381,1.000300660
10.250114,0.997218398
10.262847,1.001215663
10.275580,0.998356824
10.288313,0.998013883
10.301046,0.997827733
10.313779,0.994888925
10.326512,0.997223738
10.339245,0.997754272
10.351978,1.000668150
10.364711,0.997845092
10.377444,0.998703953
10.390177,1.000112896
10.402910,0.994814277
10.415643,0.997819081
10.428377,0.996481026
10.441110,0.999842481
10.453843,0.994933894
10.466576,0.995917942
10.479309,0.996983429
10.492042,0.993727396
10.504775,0.994076612
10.517508,0.992758267
10.530241,0.993303013
10.542974,0.993866021
10.555707,0.995615582
10.568440,0.990929994
10.581173,0.992144496
10.593906,0.992322531
10.606639,0.991306630
10.619372,0.988722253
10.632106,0.988811014
10.644839,0.989954128
10.657572,0.988332739
10.670305,0.990281606
10.683038,0.986850794
10.695771,0.987859714
10.708504,0.986709414
10.721237,0.986701206
10.733970,0.986160878
10.746703,0.988905015
10.759436,0.987455436
10.772169,0.987393525
10.784902,0.988114132
10.797635,0.987391137
10.810368,0.986522498
10.823101,0.986619050
10.835834,0.986863005
10.848568,0.988681133
10.861301,0.989533252
10.874034,0.988716316
10.886767,0.991233488
10.899500,0.990549688
10.912233,0.993446729
10.924966,0.992915426
10.937699,0.990911104
10.950432,0.992908067
10.963165,0.993128598
10.975898,0.993735629
10.988631,0.993879815
11.001364,0.995019159
11.014097,0.993275503
11.026830,0.996298839
11.039563,0.996385611
11.052296,0.994861540
11.065030,0.998037918
11.077763,0.996687886
11.090496,0.999661729
11.103229,0.998106150
11.115962,0.997757591
11.128695,0.998076656
11.141428,0.997915723
11.154161,0.995594874
11.166894,1.000119333
11.179627,0.999340499
11.192360,0.999763875
11.205093,1.000783420
11.217826,1.001255630
11.230559,0.998342024
11.243292,0.998726064
11.256025,0.996954204
11.268759,0.999708623
11.281492,1.001045076
11.294225,1.001868949
11.306958,0.998237628
11.319691,1.000189151
11.332424,0.999534284
11.345157,1.001374091
11.357890,1.000651551
11.370623,1.002032570
11.383356,0.998616219
11.396089,0.998440331
11.408822,0.999187575
11.421555,1.000572979
11.434288,1.000365437
11.447021,1.002390247
11.459754,0.998923333
11.472487,0.998402692
11.485221,0.999284300
11.497954,1.001728410
11.510687,0.999426086
11.523420,0.997958815
11.536153,1.000397763
11.548886,1.000106660
11.561619,1.000307794
11.574352,0.997384781
11.587085,1.000673429
11.599818,1.000721289
11.612551,0.997016409
11.625284,0.999807528
11.638017,1.002443206
11.650750,1.000863149
11.663483,1.000492721
11.676216,0.998017140
11.688950,0.999802195
11.701683,0.999278441
11.714416,1.003265112
11.727149,0.997767553
11.739882,0.999534205
11.752615,1.000464430
11.765348,1.000998494
11.778081,1.000712031
11.790814,0.999789819
11.803547,1.002063976
11.816280,1.001017264
11.829013,1.000396077
11.841746,0.998489799
11.854479,1.001084355
11.867212,1.000910981
11.879945,1.001867033
11.892678,0.998711289
11.905412,0.999100702
11.918145,1.002794306
11.930878,0.998495336
11.943611,0.997347773
11.956344,0.998793150
11.969077,1.000720780
11.981810,1.000949807
11.994543,0.999290115
12.007276,1.001487362
12.020009,1.000323484
12.032742,0.997656849
12.045475,1.000802603
12.058208,1.002450990
12.070941,0.998761051
12.083674,1.000855721
12.096407,1.001845324
12.109141,1.000595873
12.121874,0.998097934
12.134607,0.999480691
12.147340,1.001113224
12.160073,1.001928098
12.172806,1.000438746
12.185539,1.001443392
12.198272,0.998300646
12.211005,0.998435496
12.223738,0.998626982
12.236471,1.001626542
12.249204,1.000608078
12.261937,1.001339574
12.274670,1.003290423
12.287403,1.000463573
12.300136,1.002104539
12.312869,1.001746933
12.325603,0.999563451
12.338336,1.000034324
12.351069,0.999874497
12.363802,1.000372190
12.376535,0.999430154
12.389268,0.999621586
12.402001,1.001770352
12.414734,1.001005728
12.427467,1.000274446
12.440200,1.000871364
12.452933,1.001006515
12.465666,1.002617076
12.478399,1.000254995
12.491132,1.001971948
12.503865,1.001059312
12.516598,0.998114072
12.529332,1.000433670
12.542065,0.998929343
12.554798,1.001306189
12.567531,0.999724333
12.580264,0.997887555
12.592997,1.001437727
12.605730,1.000220514
12.618463,0.999211303
12.631196,1.003226613
12.643929,1.000650431
12.656662,1.003964256
12.669395,1.000893367
12.682128,1.004560565
12.694861,0.999241454
12.707594,1.000887322
12.720327,1.001163342
12.733060,1.001468034
12.745794,1.000257605
12.758527,1.000884518
12.771260,0.998857605
12.783993,0.999135623
12.796726,0.999475066
12.809459,1.000257918
12.822192,1.000621066
12.834925,1.001670066
12.847658,1.002402979
12.860391,1.001620628
12.873124,1.002069682
12.885857,1.002138345
12.898590,1.001352539
12.911323,1.000751421
12.924056,1.000721288
12.936789,0.999861980
12.949523,0.999700067
12.962256,1.002626955
12.974989,1.000189976
12.987722,1.005531745
13.000455,1.002223508
13.013188,0.999761167
13.025921,0.999379060
13.038654,1.001581068
13.051387,1.001720479
13.064120,1.001714001
13.076853,1.000498893
13.089586,1.000659447
13.102319,0.999659710
13.115052,1.003233014
13.127785,1.003848710
13.140518,1.001972155
13.153251,1.003621886
13.165985,1.000610494
13.178718,1.002372257
13.191451,1.000293024
13.204184,0.999221622
13.216917,1.001360787
13.229650,1.002998591
13.242383,1.000968696
13.255116,0.998382618
13.267849,1.000908310
13.280582,1.001176697
13.293315,1.001488162
13.306048,1.001489164
13.318781,1.002308641
13.331514,1.001841814
13.344247,1.000358147
13.356980,1.002799060
13.369714,1.003146689
13.382447,1.000351435
13.395180,0.999573554
13.407913,0.999721440
13.420646,1.001756033
13.433379,1.000497118
13.446112,1.002397429
13.458845,1.000374700
13.471578,1.001597072
13.484311,1.001073491
13.497044,1.000671497
13.509777,1.003300555
13.522510,0.999517001
13.535243,1.003225028
13.547976,1.000018082
13.560709,1.000749791
13.573442,1.003386377
13.586176,1.001966277
13.598909,1.000668948
13.611642,1.002074485
13.624375,1.002947082
13.637108,1.001527323
13.649841,1.004471499
13.662574,1.000518754
13.675307,1.003522354
13.688040,0.999963862
13.700773,1.001591653
13.713506,1.001394005
13.726239,1.001080527
13.738972,1.000898554
13.751705,1.005866422
13.764438,1.001498959
13.777171,1.001413430
13.789905,1.002599370
13.802638,1.003610622
13.815371,1.001732141
13.828104,1.000134916
13.840837,1.002504289
13.853570,1.001641395
13.866303,1.002801155
13.879036,1.000272696
13.891769,1.000072830
13.904502,1.003311813
13.917235,1.001004579
13.929968,1.000847680
13.942701,1.002992994
13.955434,1.001090776
13.968167,1.001129642
13.980900,1.001208450
13.993633,1.000294324
14.006367,1.002766073
14.019100,1.003550433
14.031833,1.001111752
14.044566,0.999342775
14.057299,1.003732013
14.070032,1.001619821
14.082765,1.003923619
14.095498,1.002837296
14.108231,1.001425306
14.120964,0.998296853
14.133697,1.001260531
14.146430,1.000117857
14.159163,1.004568252
14.171896,1.000736697
14.184629,1.002795885
14.197362,1.002232265
14.210095,1.002378704
14.222829,1.003042098
14.235562,1.002824844
14.248295,1.001402671
14.261028,1.003926063
14.273761,1.001764972
14.286494,1.002468998
14.299227,1.001721105
14.311960,1.002831365
14.324693,1.001018115
14.337426,1.000744668
14.350159,1.001082065
14.362892,1.001683147
14.375625,1.003070649
14.388358,1.001349852
14.401091,1.002045162
14.413824,1.002394911
14.426558,1.001029058
14.439291,0.999660476
14.452024,1.001960964
14.464757,1.002784727
14.477490,1.003759063
14.490223,1.002336296
14.502956,0.999587554
14.515689,1.001190900
14.528422,1.000420848
14.541155,0.999951554
14.553888,1.002581719
14.566621,0.999322082
14.579354,0.999838319
14.592087,0.998289834
14.604820,1.000381083
14.617553,0.999109933
14.630286,1.001983605
14.643020,0.998798409
14.655753,1.001816113
14.668486,1.001346091
14.681219,1.001718783
14.693952,1.000952664
14.706685,0.998569639
14.719418,1.000510541
14.732151,0.999414148
14.744884,0.998137924
14.757617,0.998513737
14.770350,0.997113458
14.783083,0.999057800
14.795816,0.996633385
14.808549,0.996197473
14.821282,0.995652119
14.834015,0.995350272
14.846749,0.996563812
14.859482,0.993521906
14.872215,0.995150585
14.884948,0.992415951
14.897681,0.991414334
14.910414,0.988999753
14.923147,0.992629819
14.935880,0.993202542
14.948613,0.990587479
14.961346,0.986080391
14.974079,0.990432178
14.986812,0.991276792
14.999545,0.992214065
15.012278,0.989044350
15.025011,0.990542680
15.037744,0.988220323
15.050477,0.989807923
15.063211,0.989232238
15.075944,0.994690663
15.088677,0.990873017
15.101410,0.987539404
15.114143,0.992486612
15.126876,0.988826813
15.139609,0.994196583
15.152342,0.994676402
15.165075,0.990713760
15.177808,0.994830830
15.190541,0.992253623
15.203274,0.993294309
15.216007,0.992316275
15.228740,0.993059192
15.241473,0.992776302
15.254206,0.996665707
15.266940,0.996743683
15.279673,0.996743575
15.292406,0.996078544
15.305139,0.995979459
15.317872,0.997889623
15.330605,0.997119480
15.343338,0.998639314
15.356071,0.997184977
15.368804,1.001944275
15.381537,1.000883621
15.394270,1.000789084
15.407003,1.000974042
15.419736,0.997948644
15.432469,1.000417883
15.445202,0.999612987
15.457935,1.000928456
15.470668,1.001644144
15.483402,1.001620257
15.496135,1.001821155
15.508868,0.999845210
15.521601,1.000324033
15.534334,1.004489452
15.547067,1.001000069
15.559800,1.001377566
15.572533,1.000655591
15.585266,1.000253977
15.597999,1.004062750
15.610732,1.000901141
15.623465,1.000434522
15.636198,1.000352182
15.648931,1.003156127
15.661664,0.999964677
15.674397,0.999579067
15.687131,0.998953363
15.699864,1.001963032
15.712597,1.002265046
15.725330,1.005728806
15.738063,1.004352857
15.750796,0.999976103
15.763529,1.001800069
15.776262,1.001243386
15.788995,1.000820924
15.801728,1.001124356
15.814461,1.001072563
15.827194,1.001784355
15.839927,0.999532637
15.852660,1.002292244
15.865393,1.003198290
15.878126,0.999876395
15.890859,1.001167058
15.903593,1.001740824
15.916326,1.001401419
15.929059,1.001075668
15.941792,1.001490763
15.954525,1.000803422
15.967258,1.001948597
15.979991,1.001108291
15.992724,1.001826083
16.005457,1.000183824
16.018190,1.000703053
16.030923,1.000814752
16.043656,1.000333620
16.056389,1.001362891
16.069122,0.999735249
16.081855,1.001717423
16.094588,0.998807789
16.107322,1.001361853
16.120055,1.000394356
16.132788,0.999707877
16.145521,1.001671919
16.158254,1.003095354
16.170987,1.001465100
16.183720,1.002149192
16.196453,1.001709587
16.209186,1.002040830
16.221919,0.999141082
16.234652,1.002038693
16.247385,0.999840173
16.260118,0.999773361
16.272851,0.999925424
16.285584,0.999977074
16.298317,1.000918620
16.311050,1.002831772
16.323784,1.002122407
16.336517,1.001127716
16.349250,1.003173745
16.361983,1.000702559
16.374716,1.001074863
16.387449,0.999280059
16.400182,1.001654689
16.412915,1.000752551
16.425648,0.998798979
16.438381,1.001432389
16.451114,1.000134977
16.463847,1.002192828
16.476580,1.000408055
16.489313,1.001462063
16.502046,1.000216267
16.514779,1.000837983
16.527513,1.001238486
16.540246,1.002766122
16.552979,1.001755826
16.565712,1.000116717
16.578445,0.998134572
16.591178,1.003254077
16.603911,1.001737884
16.616644,1.002047598
16.629377,1.001751486
16.642110,1.001071706
16.654843,1.004044547
16.667576,1.000164939
16.680309,0.999803668
16.693042,1.000784841
16.705775,1.000262786
16.718508,1.000349387
16.731241,0.996535282
16.743975,1.000844999
16.756708,1.000846796
16.769441,1.002500452
16.782174,1.003806571
16.794907,0.999259796
16.807640,0.999715069
16.820373,0.999594521
16.833106,1.001722353
16.845839,1.000798172
16.858572,1.001661570
16.871305,0.999845582
16.884038,1.000581370
16.896771,1.001605912
16.909504,1.000911025
16.922237,0.999534693
16.934970,1.000092833
16.947704,1.000508695
16.960437,1.002052905
16.973170,0.998930388
16.985903,1.000807410
16.998636,0.999800355
17.011369,1.001980899
17.024102,0.997847826
17.036835,0.999438400
17.049568,1.000125371
17.062301,1.002578556
17.075034,1.001919411
17.087767,0.999731958
17.100500,1.001366426
17.113233,0.997566189
17.125966,0.999924634
17.138699,1.000895581
17.151432,0.998594788
17.164166,1.002181537
17.176899,0.999075999
17.189632,1.000714371
17.202365,1.000374745
17.215098,0.999045287
17.227831,1.002668296
17.240564,1.000931257
17.253297,0.997806936
17.266030,1.002373444
17.278763,1.000636893
17.291496,1.000735811
17.304229,0.999325755
17.316962,1.001085536
17.329695,0.999797216
17.342428,0.998572663
17.355161,1.000768221
17.367894,0.999496288
17.380628,0.998630345
17.393361,1.000069722
17.406094,0.999564275
17.418827,0.999492561
17.431560,0.996175070
17.444293,0.999089893
17.457026,0.998710354
17.469759,0.999495729
17.482492,0.997238455
17.495225,0.999421803
17.507958,1.000634505
17.520691,0.998716825
17.533424,0.999839914
17.546157,1.000292917
17.558890,0.999359697
17.571623,1.002567924
17.584357,1.000645797
17.597090,1.001608178
17.609823,1.001029923
17.622556,1.000328623
17.635289,0.998590055
17.648022,0.997685574
17.660755,1.001195585
17.673488,1.001685326
17.686221,0.999112133
17.698954,0.998764445
17.711687,1.000523229
17.724420,1.000118444
17.737153,1.001855833
17.749886,1.001088771
17.762619,0.999697967
17.775352,1.000392280
17.788085,0.997021953
17.800819,0.999647651
17.813552,0.999292660
17.826285,1.000946596
17.839018,1.001790573
17.851751,0.998952765
17.864484,0.997376869
17.877217,0.998513729
17.889950,1.001957865
17.902683,0.999039527
17.915416,1.002072495
17.928149,0.999581294
17.940882,1.001172809
17.953615,0.998832965
17.966348,0.999872691
17.979081,0.999252200
17.991814,0.999188384
18.004548,1.001673918
18.017281,0.999860123
18.030014,1.000190280
18.042747,0.998152026
18.055480,0.997372830
18.068213,0.999791658
18.080946,0.996818360
18.093679,0.999003755
18.106412,0.995951322
18.119145,1.001186000
18.131878,0.996983704
18.144611,0.997353255
18.157344,0.998469941
18.170077,0.999948819
18.182810,0.997505162
18.195543,0.999419031
18.208276,0.997351204
18.221010,1.000268477
18.233743,0.998485614
18.246476,1.001176067
18.259209,0.998393973
18.271942,0.999320403
18.284675,0.998792183
18.297408,0.998356600
18.310141,0.999968721
18.322874,0.999035982
18.335607,0.999635993
18.348340,0.999639955
18.361073,1.000957571
18.373806,0.999986201
18.386539,0.998562834
18.399272,1.001257863
18.412005,0.997571971
18.424739,0.999700672
18.437472,0.998307534
18.450205,0.999110397
18.462938,0.998926223
18.475671,1.001209513
18.488404,0.998897983
18.501137,0.998465783
18.513870,0.999362890
18.526603,0.998631136
18.539336,1.002442243
18.552069,0.998414057
18.564802,0.998720893
18.577535,0.997621921
18.590268,0.997038794
18.603001,0.998545465
18.615734,1.000321206
18.628467,1.000050415
18.641201,0.996205160
18.653934,0.998053585
18.666667,0.997729169
18.679400,0.998502020
18.692133,0.997584664
18.704866,0.996855664
18.717599,0.999547016
18.730332,0.999871844
18.743065,0.999890430
18.755798,0.995819851
18.768531,0.995657713
18.781264,0.998909471
18.793997,1.000019975
18.806730,0.999526934
18.819463,0.997254279
18.832196,0.999228199
18.844930,0.998798020
18.857663,0.998082523
18.870396,1.000154553
18.883129,0.996955807
18.895862,0.999943977
18.908595,0.996074994
18.921328,0.996893019
18.934061,0.996134097
18.946794,1.000070416
18.959527,0.998580019
18.972260,0.994330702
18.984993,0.994371799
18.997726,0.995539621
19.010459,0.993823774
19.023192,0.994278188
19.035925,0.993495233
19.048658,0.996580852
19.061392,0.993656812
19.074125,0.995083364
19.086858,0.994530436
19.099591,0.991326878
19.112324,0.990924923
19.125057,0.992339494
19.137790,0.992216475
19.150523,0.991015703
19.163256,0.988162526
19.175989,0.989580391
19.188722,0.989864733
19.201455,0.988343197
19.214188,0.988120344
19.226921,0.988393758
19.239654,0.989006285
19.252387,0.986494248
19.265121,0.985332404
19.277854,0.986164002
19.290587,0.985792632
19.303320,0.985640228
19.316053,0.985390233
19.328786,0.988375634
19.341519,0.984930936
19.354252,0.986875010
19.366985,0.986988122
19.379718,0.987028724
19.392451,0.985035406
19.405184,0.986581509
19.417917,0.986773678
19.430650,0.989215592
19.443383,0.990107857
19.456116,0.990382831
19.468849,0.990024358
19.481583,0.992606521
19.494316,0.992935212
19.507049,0.989445414
19.519782,0.991799189
19.532515,0.992717287
19.545248,0.992706872
19.557981,0.993716899
19.570714,0.992664847
19.583447,0.994412689
19.596180,0.994219335
19.608913,0.994107716
19.621646,0.994558209
19.634379,0.996359730
19.647112,0.996002927
19.659845,0.997823752
19.672578,0.994721054
19.685312,0.998418137
19.698045,0.996952166
19.710778,0.998942318
19.723511,0.996654853
19.736244,0.995723994
19.748977,0.998770251
19.761710,0.997228849
19.774443,0.998793067
19.787176,0.999667160
19.799909,0.999068905
19.812642,0.996511780
19.825375,0.999951141
19.838108,0.998190369
19.850841,0.996525256
19.863574,0.995501142
19.876307,0.999495626
19.889040,0.997738540
19.901774,0.997006798
19.914507,0.998342465
19.927240,0.999122774
19.939973,0.997077162
19.952706,0.997849405
19.965439,0.994711351
19.978172,0.998595377
19.990905,0.996803341
20.003638,0.997411419
20.016371,0.999649519
20.029104,0.999073082
20.041837,0.998975214
20.054570,0.996944468
20.067303,0.997599323
20.080036,1.000065213
20.092769,0.998598700
20.105503,1.000452434
20.118236,0.997149085
20.130969,0.998515457
20.143702,0.998081260
20.156435,0.998986614
20.169168,0.999356689
20.181901,0.999120966
20.194634,0.997712480
20.207367,1.000089899
20.220100,0.996333060
20.232833,0.997480238
20.245566,0.997545990
20.258299,0.999320943
20.271032,0.998763048
20.283765,0.999043260
20.296498,0.998941990
20.309231,0.997937561
20.321965,0.998959986
20.334698,0.996551328
20.347431,0.996531591
20.360164,0.996702948
20.372897,0.999675141
20.385630,0.998827520
20.398363,0.999695320
20.411096,0.996426284
20.423829,0.999666996
20.436562,1.000881809
20.449295,0.997112655
20.462028,0.998359021
20.474761,0.998947743
20.487494,0.998802130
20.500227,0.999331874
20.512960,0.995148315
20.525693,0.998668730
20.538427,0.998807435
20.551160,0.998569737
20.563893,0.996650493
20.576626,0.998861401
20.589359,0.997800585
20.602092,1.001901235
20.614825,0.997449809
20.627558,0.998692935
20.640291,0.999936984
20.653024,0.998207142
20.665757,0.997587102
20.678490,0.997726211
20.691223,0.996767108
20.703956,0.999805369
20.716689,0.997775572
20.729422,0.999637953
20.742156,0.998446840
20.754889,0.999654355
20.767622,0.997924045
20.780355,0.998740828
20.793088,0.997516256
20.805821,0.999978704
20.818554,0.998823753
20.831287,0.996941722
20.844020,0.998315039
20.856753,0.996861701
20.869486,1.000528538
20.882219,0.995982760
20.894952,1.000247468
20.907685,0.998885294
20.920418,0.997843005
20.933151,0.996980167
20.945884,0.998543745
20.958618,0.996366812
20.971351,0.997932725
20.984084,0.996527916
20.996817,0.998020033
21.009550,0.999865037
21.022283,0.999510503
21.035016,0.997830632
21.047749,0.997126873
21.060482,0.998711250
21.073215,0.998125410
21.085948,0.999090226
21.098681,0.998854991
21.111414,0.998431267
21.124147,0.997060442
21.136880,1.001719178
21.149613,0.997818131
21.162347,0.998872287
21.175080,0.998784374
21.187813,0.999228138
21.200546,0.997750838
21.213279,0.998160062
21.226012,1.000278555
21.238745,0.999635606
21.251478,0.996902655
21.264211,0.996414342
21.276944,0.998104638
21.289677,0.997775434
21.302410,1.000009186
21.315143,0.999634169
21.327876,0.998966398
21.340609,0.997853410
21.353342,0.996377726
21.366075,0.999187098
21.378809,0.998110940
21.391542,0.999374240
21.404275,0.997288150
21.417008,0.997210746
21.429741,0.997686197
21.442474,0.998913769
21.455207,0.996404866
21.467940,0.997293518
21.480673,1.000416602
21.493406,0.997267580
21.506139,0.999174172
21.518872,0.998816449
21.531605,0.999818489
21.544338,0.998636662
21.557071,0.997181747
21.569804,0.998848046
21.582538,0.998010793
21.595271,0.999638881
21.608004,0.999490046
21.620737,0.997326236
21.633470,0.998705908
21.646203,0.998644491
21.658936,0.998979716
21.671669,1.001155617
21.684402,0.998234798
21.697135,0.998392202
21.709868,0.997552754
21.722601,0.997084254
21.735334,0.998032762
21.748067,0.999226563
21.760800,0.998089942
21.773533,0.999334469
21.786266,1.000368836
21.799000,0.997185423
21.811733,0.998494075
21.824466,0.994919210
21.837199,0.998701936
21.849932,0.997101575
21.862665,1.000017463
21.875398,0.998463670
21.888131,0.997400941
21.900864,1.000762789
21.913597,0.999383894
21.926330,0.999084348
21.939063,0.997637190
21.951796,0.997980551
21.964529,0.998168746
21.977262,0.996711137
21.989995,0.997204958
22.002729,0.997851765
22.015462,1.000081196
22.028195,0.998882254
22.040928,1.000568483
22.053661,1.000636286
22.066394,1.000014435
22.079127,0.999526484
22.091860,0.998318523
22.104593,0.999856928
22.117326,0.996432461
22.130059,0.998275511
22.142792,1.001135070
22.155525,0.999248327
22.168258,0.998682445
22.180991,0.998582374
22.193724,0.998147681
22.206457,0.998434875
22.219191,0.999956748
22.231924,0.998854959
22.244657,1.000073936
22.257390,0.998572214
22.270123,1.000394086
22.282856,0.999636263
22.295589,0.998769703
22.308322,1.000747121
22.321055,0.997892780
22.333788,1.000375531
22.346521,0.997335901
22.359254,0.999410385
22.371987,0.996614346
22.384720,0.997440232
22.397453,0.999851454
22.410186,0.998447644
22.422920,0.998898984
22.435653,1.000521712
22.448386,0.998961304
22.461119,1.000016312
22.473852,0.998525710
22.486585,1.000125882
22.499318,0.999693076
22.512051,1.000021615
22.524784,1.002230488
22.537517,1.000471128
22.550250,0.999806741
22.562983,0.997973703
22.575716,0.998479466
22.588449,0.997188508
22.601182,0.998201207
22.613915,0.999668364
22.626648,1.000598952
22.639382,0.999604886
22.652115,0.999210210
22.664848,1.000532442
22.677581,0.998700981
22.690314,0.999779996
22.703047,1.000506998
22.715780,0.999128865
22.728513,1.001391371
22.741246,0.998982268
22.753979,1.001147909
22.766712,0.998575401
22.779445,1.000662427
22.792178,0.999713061
22.804911,1.000963582
22.817644,0.999269890
22.830377,0.998527711
22.843111,1.001085007
22.855844,0.998737804
22.868577,0.999345615
22.881310,1.000102991
22.894043,0.999349987
22.906776,1.000045673
22.919509,0.997978296
22.932242,0.999475489
22.944975,0.998247394
22.957708,1.000661378
22.970441,0.998227998
22.983174,1.000773303
22.995907,1.001593100
23.008640,1.000509624
23.021373,1.000985257
23.034106,1.000531642
23.046839,0.999123716
23.059573,1.000825535
23.072306,0.997175153
23.085039,1.002991761
23.097772,1.000124043
23.110505,0.999950478
23.123238,0.997104052
23.135971,0.998004554
23.148704,0.999864312
23.161437,1.000815380
23.174170,1.000484156
23.186903,0.997621406
23.199636,0.999958758
23.212369,0.999140830
23.225102,0.996290862
23.237835,0.998112238
23.250568,0.995633234
23.263302,0.999373941
23.276035,0.999940594
23.288768,0.996078892
23.301501,0.999244692
23.314234,0.996378361
23.326967,0.996354875
23.339700,0.997278067
23.352433,0.996011011
23.365166,0.995827243
23.377899,0.998413486
23.390632,0.995374492
23.403365,0.996045394
23.416098,0.994359788
23.428831,0.991091993
23.441564,0.992801756
23.454297,0.991014189
23.467030,0.993718258
23.479764,0.989105300
23.492497,0.988745849
23.505230,0.989785104
23.517963,0.989152413
23.530696,0.988390013
23.543429,0.988848111
23.556162,0.989793461
23.568895,0.987799268
23.581628,0.988718635
23.594361,0.986316897
23.607094,0.987962754
23.619827,0.988359874
23.632560,0.989357630
23.645293,0.987895307
23.658026,0.987962500
23.670759,0.992284144
23.683492,0.989155159
23.696226,0.989663090
23.708959,0.990944383
23.721692,0.993745006
23.734425,0.991553596
23.747158,0.991428923
23.759891,0.988613568
23.772624,0.992794819
23.785357,0.992541636
23.798090,0.991749861
23.810823,0.995008400
23.823556,0.993738857
23.836289,0.992266629
23.849022,0.993947937
23.861755,0.996375622
23.874488,0.996415214
23.887221,0.998703038
23.899955,0.998484693
23.912688,0.997266906
23.925421,0.999415932
23.938154,0.994787809
23.950887,0.999993367
23.963620,0.999392835
23.976353,0.999929353
23.989086,1.000540913
24.001819,1.001487896
24.014552,0.997813687
24.027285,1.002188115
24.040018,1.001235132
24.052751,1.000374125
24.065484,1.000617674
24.078217,1.001396289
24.090950,0.999792865
24.103683,1.001088756
24.116417,1.003287745
24.129150,1.003249706
24.141883,1.000309130
24.154616,1.002423459
24.167349,1.002250839
24.180082,1.000558339
24.192815,0.998689333
24.205548,1.001547509
24.218281,1.003059613
24.231014,1.000391832
24.243747,1.001647525
24.256480,0.999507973
24.269213,1.003318273
24.281946,1.000364635
24.294679,1.001445314
24.307412,0.998672875
24.320146,1.001860643
24.332879,1.000691226
24.345612,1.000927977
24.358345,1.001753357
24.371078,1.002143380
24.383811,1.001210068
24.396544,1.002698613
24.409277,1.003308658
24.422010,0.998631211
24.434743,1.004439820
24.447476,0.999466277
24.460209,0.999651115
24.472942,1.000413482
24.485675,1.003660398
24.498408,1.000929023
24.511141,1.002645873
24.523874,1.001642019
24.536608,1.002726020
24.549341,1.002655747
24.562074,1.001940430
24.574807,1.001104720
24.587540,0.998610555
24.600273,1.001178684
24.613006,1.004104569
24.625739,1.000577951
24.638472,1.001769809
24.651205,1.000097830
24.663938,1.002533427
24.676671,1.000145958
24.689404,1.001384327
24.702137,1.001264896
24.714870,1.001583491
24.727603,0.999748099
24.740337,1.001813994
24.753070,0.999259071
24.765803,1.002356347
24.778536,1.003282610
24.791269,0.999962240
24.804002,1.003092515
24.816735,1.000265143
24.829468,0.999908507
24.842201,1.001689006
24.854934,1.002694855
24.867667,1.000971482
24.880400,0.999421734
24.893133,0.999909791
24.905866,1.000751879
24.918599,1.003082121
24.931332,1.000878078
24.944065,1.001223049
24.956799,1.002376987
24.969532,1.001202150
24.982265,1.003934341
24.994998,1.004653398
25.007731,1.003335411
25.020464,1.005216540
25.033197,1.001520860
25.045930,1.001355036
25.058663,0.998593854
25.071396,1.003410956
25.084129,1.000868197
25.096862,1.002562308
25.109595,1.000837513
25.122328,1.000769508
25.135061,1.004416593
25.147794,1.003452322
25.160528,0.999978014
25.173261,1.002195437
25.185994,1.001083006
25.198727,1.002228189
25.211460,1.003421383
25.224193,1.000165643
25.236926,1.003226636
25.249659,1.000361224
25.262392,1.001148767
25.275125,1.000504969
25.287858,0.998824503
25.300591,0.998841347
25.313324,1.001182338
25.326057,1.001068805
25.338790,1.000219821
25.351523,1.000987648
25.364256,1.002019303
25.376990,1.003112506
25.389723,1.002378509
25.402456,1.002659039
25.415189,1.000792499
25.427922,1.004463694
25.440655,1.000677151
25.453388,1.001491236
25.466121,1.003706181
25.478854,1.001222971
25.491587,1.002730466
25.504320,0.999983999
25.517053,1.000891237
25.529786,1.000553639
25.542519,1.003794102
25.555252,1.001306137
25.567985,1.003387280
25.580719,1.002798415
25.593452,1.000646805
25.606185,0.999821952
25.618918,1.002644789
25.631651,1.000952122
25.644384,1.003271596
25.657117,1.002553501
25.669850,1.004890869
25.682583,1.001975819
25.695316,1.003673597
25.708049,0.999713581
25.720782,1.003375134
25.733515,1.001044549
25.746248,1.001255266
25.758981,1.001431607
25.771714,1.002936838
25.784447,1.000124784
25.797181,0.999680352
25.809914,1.001508731
25.822647,1.003497531
25.835380,1.002828369
25.848113,1.001992447
25.860846,1.002609277
25.873579,1.001036575
25.886312,0.999352360
25.899045,1.003466134
25.911778,1.002720837
25.924511,0.998785585
25.937244,1.000075224
25.949977,1.001753347
25.962710,0.999683246
25.975443,1.002878406
25.988176,1.000556541
26.000910,1.001653856
26.013643,1.003754122
26.026376,1.002190290
26.039109,1.000107344
26.051842,1.002400245
26.064575,1.001298679
26.077308,0.999661501
26.090041,1.001291587
26.102774,1.003991482
26.115507,1.001619084
26.128240,1.001407967
26.140973,1.000228746
26.153706,1.001902421
26.166439,1.000478971
26.179172,1.002496183
26.191905,1.001757402
26.204638,1.000955856
26.217372,1.000928549
26.230105,1.002536660
26.242838,1.002847623
26.255571,1.001698892
26.268304,1.002423012
26.281037,1.002458871
26.293770,1.002743304
26.306503,1.000921946
26.319236,1.001559225
26.331969,1.000763765
26.344702,1.001173518
26.357435,1.000990709
26.370168,1.001415513
26.382901,0.999181467
26.395634,1.002035891
26.408367,1.003611231
26.421101,1.001112513
26.433834,0.999618981
26.446567,1.000832192
26.459300,1.003267157
26.472033,0.999861445
26.484766,1.002196206
26.497499,1.003041309
26.510232,1.000090533
26.522965,1.001671568
26.535698,1.002903359
26.548431,1.002075406
26.561164,1.000858766
26.573897,1.001141848
26.586630,1.002954720
26.599363,1.000718023
26.612096,1.003344714
26.624829,0.999881721
26.637563,1.001466112
26.650296,1.003561941
26.663029,0.999408870
26.675762,1.001758678
26.688495,0.999746246
26.701228,1.000277769
26.713961,1.001386885
26.726694,1.001131002
26.739427,1.001873810
26.752160,1.001495595
26.764893,1.001361513
26.777626,1.000442802
26.790359,1.001720609
26.803092,1.003442422
26.815825,1.001931801
26.828558,1.001985138
26.841291,1.000092070
26.854025,1.000089475
26.866758,1.000147767
26.879491,1.002849745
26.892224,1.004379328
26.904957,1.000843129
26.917690,1.001567288
26.930423,1.004075039
26.943156,1.000679157
26.955889,1.004455843
26.968622,0.999322468
26.981355,1.004700944
26.994088,1.000712427
27.006821,1.000721478
27.019554,1.000807212
27.032287,1.001543302
27.045020,1.004113752
27.057754,0.999354540
27.070487,1.000730541
27.083220,1.000333896
27.095953,0.999412886
27.108686,1.002178485
27.121419,1.000082303
27.134152,1.000803629
27.146885,1.002193189
27.159618,1.001253921
27.172351,0.998406664
27.185084,1.000280433
27.197817,1.000792208
27.210550,0.999248376
27.223283,0.999998992
27.236016,1.001743801
27.248749,1.000818152
27.261482,1.000914520
27.274216,1.001555987
27.286949,1.001737030
27.299682,1.001344452
27.312415,1.001429488
27.325148,0.999748486
27.337881,1.003087451
27.350614,1.003277142
27.363347,1.000339474
27.376080,1.001128942
27.388813,1.001342928
27.401546,1.000972891
27.414279,1.001495936
27.427012,0.999972851
27.439745,1.000334305
27.452478,1.000540086
27.465211,1.000319341
27.477945,1.000911290
27.490678,1.000909287
27.503411,0.998295604
27.516144,0.999385492
27.528877,0.996442660
27.541610,0.998579934
27.554343,0.999790576
27.567076,1.001254007
27.579809,0.998086084
27.592542,0.998527094
27.605275,0.998695381
27.618008,0.995897675
27.630741,0.995929376
27.643474,0.995143146
27.656207,0.993290204
27.668940,0.996377035
27.681673,0.991825967
27.694407,0.994392000
27.707140,0.996398337
27.719873,0.992262472
27.732606,0.991881369
27.745339,0.993107699
27.758072,0.993704754
27.770805,0.992462762
27.783538,0.988868689
27.796271,0.989231732
27.809004,0.988530109
27.821737,0.989498345
27.834470,0.989985283
27.847203,0.987906293
27.859936,0.986459585
27.872669,0.992740651
27.885402,0.988766123
27.898136,0.990239991
27.910869,0.987152341
27.923602,0.988757596
27.936335,0.991895332
27.949068,0.988336710
27.961801,0.993215983
27.974534,0.991673663
27.987267,0.987989556
28.000000,0.990081398
